Email,First Name,Last Name
german@boehm.biz,Antone,Yundt
abbigail.hudson@west.org,Wiley,Dietrich
estelle.rogahn@crona.biz,Clementina,Hessel
naomi.block@andersonkoelpin.info,Leta,Lebsack
clyde_hammes@larsoncollins.biz,Annalise,Robel
miouri_jacobi@greenholt.co,Ceasar,Thiel
antwan@parisianjohnson.org,Drew,Macejkovic
chris@hoeger.org,Marc,Lubowitz
victoria.sporer@kuhlman.biz,Gaylord,Reynolds
linnea@larson.name,Janelle,Skiles
rebeca.bogisich@franecki.biz,Joan,Okuneva
iliana@gaylordgusikowski.biz,Vince,Upton
laura@carroll.info,Ralph,Simonis
gerson_padberg@friesen.info,Cristian,Treutel
michelle@bahringer.info,Bryon,Konopelski
jolie_klocko@friesenokon.co,Kayden,Kautzer
harmony@schuppe.biz,Stanton,Hagenes
fiona@graham.io,Kayli,Jacobi
marisol_hane@dibbertmohr.org,Emmett,Cruickshank
lina.orn@murazikquigley.io,Hollis,Gaylord
clement.becker@rogahn.org,Joyce,Farrell
trent.robel@brekkemayer.info,Kitty,Predovic
gerald@lehner.name,Mrs.,Hilton
rachel@littelkautzer.co,Fermin,Sauer
winston_reinger@nienowfritsch.info,Keanu,Nienow
jermain@huel.net,Warren,Goyette
keagan@lynchanderson.co,Jackson,Mann
vaughn.ledner@satterfield.name,Florida,Paucek
evan@hand.io,Neha,Steuber
kirsten.bartell@roberts.net,Ebba,Heathcote
